,EmployeeName,EmpID,GenderID,DeptID,Salary,PositionID,Position,State,Zip,DateofBirth,Sex,DateofHire,Department,ManagerName,ManagerID,Client,Project,ProductOwner,ClientID,ProjectID,ProjectBudget,ClientAddress,ClientCEO
0,"Adinolfi, Wilson  K",10026,1,4,62506,19,Software Developer I,MA,1960,07/10/90,M ,7/5/2019,Software Engineering,"Miller, Brannon",20,Meta,WhatsApp,Wilma Wilson,3201,320101,4560500,"1 Hacker Way, Menlo Park, California",Mark Zuckerberg
1,"Ait Sidi, Karthikeyan   ",10084,1,3,104437,27,Sr. DBA,MA,2148,05/05/82,M ,3/30/2022,IT/IS,"Zamora, Jennifer",30,Apple,MacOS,Michele Berry,101,10101,1945000,"1 Apple Park Way, Cupertino, California",Tim Cook
2,"Akinkuolie, Sarah",10196,0,4,64955,20,Software Developer II,MA,1810,09/19/95,F,7/5/2019,Software Engineering,"Miller, Brannon",20,Meta,WhatsApp,Wilma Wilson,3201,320101,4560500,"1 Hacker Way, Menlo Park, California",Mark Zuckerberg
3,"Alagbe,Trina",10088,0,4,64991,19,Software Developer I,MA,1886,09/27/95,F,1/7/2016,Software Engineering,"Miller, Brannon",20,Apple,MacOS,Michele Berry,101,10101,1945000,"1 Apple Park Way, Cupertino, California",Tim Cook
4,"Anderson, Carol ",10069,0,4,50825,19,Software Developer I,MA,2169,09/08/96,F,7/11/2019,Software Engineering,"Miller, Brannon",20,Tesla,ModelX,Clint Campbell,445,44501,25283000,"1501 Page Mill Road, Palo Alto, California",Elon Musk
5,"Anderson, Linda  ",10002,0,4,57568,19,Software Developer I,MA,1844,05/22/84,F,1/9/2020,Software Engineering,"Miller, Brannon",20,Meta,WhatsApp,Wilma Wilson,3201,320101,4560500,"1 Hacker Way, Menlo Park, California",Mark Zuckerberg
6,"Andreola, Colby",10194,0,4,95660,24,Software Engineer,MA,2110,05/24/86,F,11/10/2022,Software Engineering,"Miller, Brannon",20,Meta,WhatsApp,Wilma Wilson,3201,320101,4560500,"1 Hacker Way, Menlo Park, California",Mark Zuckerberg
7,"Athwal, Sam",10062,1,4,59365,19,Software Developer I,MA,2199,02/18/90,M ,9/30/2021,Software Engineering,"Miller, Brannon",20,Alphabet,Google Cloud Platform,Roosevelt Reynolds,564,56401,32150000,"1600 Amphitheater Parkway, Mountain View, California",Sundar Pichai
8,"Bachiochi, Linda",10114,0,4,47837,19,Software Developer I,MA,1902,02/11/77,F,7/6/2017,Software Engineering,"Miller, Brannon",20,Amazon,Prime,Bradley Clark,211,21101,9800000,"410 Terry Ave N, Seattle, Washington",Andy Jassy
9,"Bacong, Alejandro ",10250,1,3,50178,14,IT Support,MA,1886,01/07/95,M ,1/5/2022,IT/IS,"Zamora, Jennifer",30,Apple,MacOS,Michele Berry,101,10101,1945000,"1 Apple Park Way, Cupertino, California",Tim Cook
10,"Baczenski, Rachael  ",10252,0,4,54670,19,Software Developer I,MA,1902,01/12/81,F,1/10/2019,Software Engineering,"Miller, Brannon",20,Amazon,Prime,Bradley Clark,211,21101,9800000,"410 Terry Ave N, Seattle, Washington",Andy Jassy
11,"Barbara, Thomas",10242,1,4,47211,19,Software Developer I,MA,2062,02/21/81,M ,4/2/2020,Software Engineering,"Miller, Brannon",20,Amazon,Prime,Bradley Clark,211,21101,9800000,"410 Terry Ave N, Seattle, Washington",Andy Jassy
12,"Barbossa, Hector",10012,1,3,92328,9,Data Analyst,TX,78230,07/04/95,M ,11/10/2022,IT/IS,"Zamora, Jennifer",30,Amazon,Prime,Bradley Clark,211,21101,9800000,"410 Terry Ave N, Seattle, Washington",Andy Jassy
13,"Barone, Francesco  A",10265,1,4,58709,19,Software Developer I,MA,1810,07/20/90,M ,2/20/2020,Software Engineering,"Miller, Brannon",20,Tesla,ModelX,Clint Campbell,445,44501,25283000,"1501 Page Mill Road, Palo Alto, California",Elon Musk
14,"Barton, Nader",10066,1,4,52505,19,Software Developer I,MA,2747,07/15/84,M ,9/24/2020,Software Engineering,"Miller, Brannon",20,Microsoft,Teams,Johanna Vaughn,543,54301,3424000,"1 Microsoft Way, Redmond, Washington",Satya Nadella
15,"Bates, Norman",10061,1,4,57834,19,Software Developer I,MA,2050,10/18/88,M ,2/21/2019,Software Engineering,"Miller, Brannon",20,Tesla,ModelX,Clint Campbell,445,44501,25283000,"1501 Page Mill Road, Palo Alto, California",Elon Musk
16,"Beak, Kimberly  ",10023,0,4,70131,20,Software Developer II,MA,2145,04/17/73,F,7/21/2022,Software Engineering,"Miller, Brannon",20,Alphabet,Google Cloud Platform,Roosevelt Reynolds,564,56401,32150000,"1600 Amphitheater Parkway, Mountain View, California",Sundar Pichai
17,"Beatrice, Courtney ",10055,0,4,59026,19,Software Developer I,MA,1915,10/27/77,F,4/4/2019,Software Engineering,"Miller, Brannon",20,Tesla,ModelX,Clint Campbell,445,44501,25283000,"1501 Page Mill Road, Palo Alto, California",Elon Musk
18,"Becker, Renee",10245,0,3,110000,8,Database Administrator,MA,2026,04/04/93,F,7/7/2022,IT/IS,"Zamora, Jennifer",30,Tesla,ModelX,Clint Campbell,445,44501,25283000,"1501 Page Mill Road, Palo Alto, California",Elon Musk
19,"Becker, Scott",10277,1,4,53250,19,Software Developer I,MA,2452,04/06/86,M ,7/8/2021,Software Engineering,"Miller, Brannon",20,Meta,WhatsApp,Wilma Wilson,3201,320101,4560500,"1 Hacker Way, Menlo Park, California",Mark Zuckerberg
20,"Bernstein, Sean",10046,1,4,51044,19,Software Developer I,MA,2072,12/22/77,M ,4/2/2020,Software Engineering,"Miller, Brannon",20,Tesla,ModelX,Clint Campbell,445,44501,25283000,"1501 Page Mill Road, Palo Alto, California",Elon Musk
21,"Biden, Lowan  M",10226,0,4,64919,19,Software Developer I,MA,2027,12/27/65,F,8/19/2021,Software Engineering,"Miller, Brannon",20,Apple,MacOS,Michele Berry,101,10101,1945000,"1 Apple Park Way, Cupertino, California",Tim Cook
22,"Billis, Helen",10003,0,4,62910,19,Software Developer I,MA,2031,09/01/96,F,7/7/2022,Software Engineering,"Miller, Brannon",20,Apple,MacOS,Michele Berry,101,10101,1945000,"1 Apple Park Way, Cupertino, California",Tim Cook
23,"Blount, Dianna",10294,0,4,66441,20,Software Developer II,MA,2171,09/21/97,F,4/4/2019,Software Engineering,"Miller, Brannon",20,Microsoft,Teams,Johanna Vaughn,543,54301,3424000,"1 Microsoft Way, Redmond, Washington",Satya Nadella
24,"Bondwell, Betsy",10267,0,4,57815,20,Software Developer II,MA,2210,01/16/74,F,1/10/2019,Software Engineering,"Miller, Brannon",20,Tesla,ModelX,Clint Campbell,445,44501,25283000,"1501 Page Mill Road, Palo Alto, California",Elon Musk
25,"Booth, Frank",10199,1,3,103613,30,Enterprise Architect,CT,6033,07/30/71,M ,2/17/2022,IT/IS,"Zamora, Jennifer",30,Meta,WhatsApp,Wilma Wilson,3201,320101,4560500,"1 Hacker Way, Menlo Park, California",Mark Zuckerberg
26,"Boutwell, Bonalyn",10081,0,1,106367,26,Sr. Accountant,MA,2468,04/04/94,F,2/16/2022,Admin Offices,"LeBlanc, Brandon",40,Amazon,Prime,Bradley Clark,211,21101,9800000,"410 Terry Ave N, Seattle, Washington",Andy Jassy
27,"Bozzi, Charles",10175,1,4,74312,18,Software Architect,MA,1901,03/10/77,M ,9/30/2021,Software Engineering,"Miller, Brannon",20,Apple,MacOS,Michele Berry,101,10101,1945000,"1 Apple Park Way, Cupertino, California",Tim Cook
28,"Brill, Donna",10177,0,4,53492,19,Software Developer I,MA,1701,08/24/97,F,4/2/2020,Software Engineering,"Miller, Brannon",20,Tesla,ModelX,Clint Campbell,445,44501,25283000,"1501 Page Mill Road, Palo Alto, California",Elon Musk
29,"Brown, Mia",10238,0,1,63000,1,Accountant I,MA,1450,11/24/94,F,10/27/2016,Admin Offices,"LeBlanc, Brandon",40,Amazon,Prime,Bradley Clark,211,21101,9800000,"410 Terry Ave N, Seattle, Washington",Andy Jassy
30,"Buccheri, Joseph  ",10184,1,4,65288,20,Software Developer II,MA,1013,07/28/90,M ,9/29/2022,Software Engineering,"Miller, Brannon",20,Tesla,ModelX,Clint Campbell,445,44501,25283000,"1501 Page Mill Road, Palo Alto, California",Elon Musk
31,"Bugali, Josephine ",10203,0,4,64375,19,Software Developer I,MA,2043,10/30/76,F,11/11/2021,Software Engineering,"Miller, Brannon",20,Amazon,Prime,Bradley Clark,211,21101,9800000,"410 Terry Ave N, Seattle, Washington",Andy Jassy
32,"Bunbury, Jessica",10188,0,2,74326,3,Area Sales Manager,VA,21851,06/01/71,F,8/15/2019,Sales,"Smith, John",50,Tesla,ModelX,Clint Campbell,445,44501,25283000,"1501 Page Mill Road, Palo Alto, California",Elon Musk
33,"Burke, Joelle",10107,0,4,63763,20,Software Developer II,MA,2148,03/02/87,F,3/5/2020,Software Engineering,"Miller, Brannon",20,Alphabet,Google Cloud Platform,Roosevelt Reynolds,564,56401,32150000,"1600 Amphitheater Parkway, Mountain View, California",Sundar Pichai
34,"Burkett, Benjamin ",10181,1,4,62162,20,Software Developer II,MA,1890,08/19/84,M ,4/4/2019,Software Engineering,"Miller, Brannon",20,Apple,MacOS,Michele Berry,101,10101,1945000,"1 Apple Park Way, Cupertino, California",Tim Cook
35,"Cady, Max ",10150,1,4,77692,25,Software Engineering Manager,MA,2184,11/22/73,M ,8/15/2019,Software Engineering,"Miller, Brannon",20,Tesla,ModelX,Clint Campbell,445,44501,25283000,"1501 Page Mill Road, Palo Alto, California",Elon Musk
36,"Candie, Calvin",10001,1,4,72640,18,Software Architect,MA,2169,08/09/90,M ,1/28/2022,Software Engineering,"Miller, Brannon",20,Apple,MacOS,Michele Berry,101,10101,1945000,"1 Apple Park Way, Cupertino, California",Tim Cook
37,"Carabbio, Judith",10085,0,4,93396,24,Software Engineer,MA,2132,04/05/94,F,11/11/2021,Software Engineering,"Miller, Brannon",20,Apple,MacOS,Michele Berry,101,10101,1945000,"1 Apple Park Way, Cupertino, California",Tim Cook
38,"Carey, Michael  ",10115,1,4,52846,19,Software Developer I,MA,1701,02/02/90,M ,3/31/2022,Software Engineering,"Miller, Brannon",20,Meta,WhatsApp,Wilma Wilson,3201,320101,4560500,"1 Hacker Way, Menlo Park, California",Mark Zuckerberg
39,"Carr, Claudia  N",10082,0,3,100031,27,Sr. DBA,MA,1886,06/06/93,F,6/30/2022,IT/IS,"Zamora, Jennifer",30,Meta,WhatsApp,Wilma Wilson,3201,320101,4560500,"1 Hacker Way, Menlo Park, California",Mark Zuckerberg
40,"Carter, Michelle ",10040,0,2,71860,3,Area Sales Manager,VT,5664,05/15/70,F,8/18/2022,Sales,"Smith, John",50,Apple,MacOS,Michele Berry,101,10101,1945000,"1 Apple Park Way, Cupertino, California",Tim Cook
41,"Chace, Beatrice ",10067,0,4,61656,19,Software Developer I,MA,2763,01/02/58,F,9/29/2022,Software Engineering,"Miller, Brannon",20,Tesla,ModelX,Clint Campbell,445,44501,25283000,"1501 Page Mill Road, Palo Alto, California",Elon Musk
42,"Champaigne, Brian",10108,1,3,110929,5,BI Director,MA,2045,02/09/79,M ,9/6/2022,IT/IS,"Zamora, Jennifer",30,Apple,MacOS,Michele Berry,101,10101,1945000,"1 Apple Park Way, Cupertino, California",Tim Cook
43,"Chan, Lin",10210,0,4,54237,19,Software Developer I,MA,2170,02/12/86,F,5/12/2022,Software Engineering,"Miller, Brannon",20,Apple,MacOS,Michele Berry,101,10101,1945000,"1 Apple Park Way, Cupertino, California",Tim Cook
44,"Chang, Donovan  E",10154,1,4,60380,19,Software Developer I,MA,1845,08/24/90,M ,7/8/2021,Software Engineering,"Miller, Brannon",20,Meta,WhatsApp,Wilma Wilson,3201,320101,4560500,"1 Hacker Way, Menlo Park, California",Mark Zuckerberg
45,"Chigurh, Anton",10200,1,2,66808,3,Area Sales Manager,TX,78207,06/11/77,M ,5/14/2020,Sales,"Smith, John",50,Alphabet,Google Cloud Platform,Roosevelt Reynolds,564,56401,32150000,"1600 Amphitheater Parkway, Mountain View, California",Sundar Pichai
46,"Chivukula, Enola",10240,0,4,64786,19,Software Developer I,MA,1775,08/27/90,F,6/27/2019,Software Engineering,"Miller, Brannon",20,Apple,MacOS,Michele Berry,101,10101,1945000,"1 Apple Park Way, Cupertino, California",Tim Cook
47,"Cierpiszewski, Caroline  ",10168,0,4,64816,19,Software Developer I,MA,2044,05/31/95,F,10/3/2019,Software Engineering,"Miller, Brannon",20,Apple,MacOS,Michele Berry,101,10101,1945000,"1 Apple Park Way, Cupertino, California",Tim Cook
48,"Clayton, Rick",10220,1,3,68678,14,IT Support,MA,2170,09/05/92,M ,9/5/2020,IT/IS,"Zamora, Jennifer",30,Apple,MacOS,Michele Berry,101,10101,1945000,"1 Apple Park Way, Cupertino, California",Tim Cook
49,"Cloninger, Jennifer",10275,0,4,64066,20,Software Developer II,MA,1752,08/31/88,F,5/16/2019,Software Engineering,"Miller, Brannon",20,Tesla,ModelX,Clint Campbell,445,44501,25283000,"1501 Page Mill Road, Palo Alto, California",Elon Musk
50,"Close, Phil",10269,1,4,59369,20,Software Developer II,MA,2169,11/25/85,M ,8/30/2018,Software Engineering,"Miller, Brannon",20,Apple,MacOS,Michele Berry,101,10101,1945000,"1 Apple Park Way, Cupertino, California",Tim Cook
51,"Clukey, Elijian",10029,1,4,50373,19,Software Developer I,MA,2134,08/26/87,M ,7/6/2022,Software Engineering,"Miller, Brannon",20,Alphabet,Google Cloud Platform,Roosevelt Reynolds,564,56401,32150000,"1600 Amphitheater Parkway, Mountain View, California",Sundar Pichai
52,"Cockel, James",10261,1,4,63108,19,Software Developer I,MA,2452,09/08/84,M ,7/8/2021,Software Engineering,"Miller, Brannon",20,Alphabet,Google Cloud Platform,Roosevelt Reynolds,564,56401,32150000,"1600 Amphitheater Parkway, Mountain View, California",Sundar Pichai
53,"Cole, Spencer",10292,1,4,59144,19,Software Developer I,MA,1880,08/12/86,M ,7/11/2019,Software Engineering,"Miller, Brannon",20,Meta,WhatsApp,Wilma Wilson,3201,320101,4560500,"1 Hacker Way, Menlo Park, California",Mark Zuckerberg
54,"Corleone, Michael",10282,1,4,68051,18,Software Architect,MA,1803,12/17/82,M ,7/20/2018,Software Engineering,"Miller, Brannon",20,Microsoft,Teams,Johanna Vaughn,543,54301,3424000,"1 Microsoft Way, Redmond, Washington",Satya Nadella
55,"Corleone, Vito",10019,1,4,170500,10,Director of Operations,MA,2030,03/19/90,M ,1/5/2017,Software Engineering,"Miller, Brannon",20,Apple,MacOS,Michele Berry,101,10101,1945000,"1 Apple Park Way, Cupertino, California",Tim Cook
56,"Cornett, Lisa ",10094,0,4,63381,19,Software Developer I,MA,2189,03/31/84,F,1/5/2022,Software Engineering,"Miller, Brannon",20,Apple,MacOS,Michele Berry,101,10101,1945000,"1 Apple Park Way, Cupertino, California",Tim Cook
57,"Costello, Frank",10193,1,3,83552,9,Data Analyst,MA,1810,08/26/93,M ,3/30/2022,IT/IS,"Zamora, Jennifer",30,Apple,MacOS,Michele Berry,101,10101,1945000,"1 Apple Park Way, Cupertino, California",Tim Cook
58,"Crimmings,   Jean",10132,0,4,56149,19,Software Developer I,MA,1821,04/10/94,F,7/6/2022,Software Engineering,"Miller, Brannon",20,Meta,WhatsApp,Wilma Wilson,3201,320101,4560500,"1 Hacker Way, Menlo Park, California",Mark Zuckerberg
59,"Cross, Noah",10083,1,3,92329,28,Sr. Network Engineer,CT,6278,09/09/72,M ,11/10/2022,IT/IS,"Zamora, Jennifer",30,Alphabet,Google Cloud Platform,Roosevelt Reynolds,564,56401,32150000,"1600 Amphitheater Parkway, Mountain View, California",Sundar Pichai
60,"Daneault, Lynn",10099,0,2,65729,21,Sales Manager,VT,5473,04/19/97,F,5/5/2022,Sales,"Smith, John",50,Apple,MacOS,Michele Berry,101,10101,1945000,"1 Apple Park Way, Cupertino, California",Tim Cook
61,"Daniele, Ann  ",10212,0,3,85028,28,Sr. Network Engineer,CT,6033,01/18/59,F,11/10/2022,IT/IS,"Zamora, Jennifer",30,Meta,WhatsApp,Wilma Wilson,3201,320101,4560500,"1 Hacker Way, Menlo Park, California",Mark Zuckerberg
62,"Darson, Jene'ya ",10056,0,4,57583,19,Software Developer I,MA,2110,11/05/85,F,7/2/2020,Software Engineering,"Miller, Brannon",20,Apple,MacOS,Michele Berry,101,10101,1945000,"1 Apple Park Way, Cupertino, California",Tim Cook
63,"Davis, Daniel",10143,1,4,56294,20,Software Developer II,MA,2458,09/14/86,M ,11/7/2019,Software Engineering,"Miller, Brannon",20,Meta,WhatsApp,Wilma Wilson,3201,320101,4560500,"1 Hacker Way, Menlo Park, California",Mark Zuckerberg
64,"Dee, Randy",10311,1,4,56991,19,Software Developer I,MA,2138,04/15/95,M ,7/9/2022,Software Engineering,"Miller, Brannon",20,Apple,MacOS,Michele Berry,101,10101,1945000,"1 Apple Park Way, Cupertino, California",Tim Cook
65,"DeGweck,  James",10070,1,4,55722,19,Software Developer I,MA,1810,10/31/84,M ,5/16/2019,Software Engineering,"Miller, Brannon",20,Apple,MacOS,Michele Berry,101,10101,1945000,"1 Apple Park Way, Cupertino, California",Tim Cook
66,"Del Bosque, Keyla",10155,0,4,101199,24,Software Engineer,MA,2176,07/05/86,F,1/9/2020,Software Engineering,"Miller, Brannon",20,Microsoft,Teams,Johanna Vaughn,543,54301,3424000,"1 Microsoft Way, Redmond, Washington",Satya Nadella
67,"Delarge, Alex",10306,1,2,61568,3,Area Sales Manager,AL,36006,11/02/82,M ,9/29/2022,Sales,"Smith, John",50,Apple,MacOS,Michele Berry,101,10101,1945000,"1 Apple Park Way, Cupertino, California",Tim Cook
68,"Demita, Carla",10100,0,4,58275,20,Software Developer II,MA,2343,02/25/58,F,4/4/2019,Software Engineering,"Miller, Brannon",20,Tesla,ModelX,Clint Campbell,445,44501,25283000,"1501 Page Mill Road, Palo Alto, California",Elon Musk
69,"Desimone, Carl ",10310,1,4,53189,19,Software Developer I,MA,2061,04/19/74,M ,7/7/2022,Software Engineering,"Miller, Brannon",20,Apple,MacOS,Michele Berry,101,10101,1945000,"1 Apple Park Way, Cupertino, California",Tim Cook
70,"DeVito, Tommy",10197,1,3,96820,4,BI Developer,MA,2045,09/04/90,M ,2/15/2022,IT/IS,"Zamora, Jennifer",30,Apple,MacOS,Michele Berry,101,10101,1945000,"1 Apple Park Way, Cupertino, California",Tim Cook
71,"Dickinson, Geoff ",10276,1,4,51259,19,Software Developer I,MA,2180,11/15/89,M ,5/12/2022,Software Engineering,"Miller, Brannon",20,Apple,MacOS,Michele Berry,101,10101,1945000,"1 Apple Park Way, Cupertino, California",Tim Cook
72,"Dietrich, Jenna  ",10304,0,2,59231,3,Area Sales Manager,WA,98052,05/14/94,F,2/20/2020,Sales,"Smith, John",50,Microsoft,Teams,Johanna Vaughn,543,54301,3424000,"1 Microsoft Way, Redmond, Washington",Satya Nadella
73,"DiNocco, Lily ",10284,0,4,61584,19,Software Developer I,MA,2351,12/02/85,F,1/7/2021,Software Engineering,"Miller, Brannon",20,Apple,MacOS,Michele Berry,101,10101,1945000,"1 Apple Park Way, Cupertino, California",Tim Cook
74,"Dobrin, Denisa  S",10207,0,4,46335,19,Software Developer I,MA,2125,10/07/93,F,4/2/2020,Software Engineering,"Miller, Brannon",20,Microsoft,Teams,Johanna Vaughn,543,54301,3424000,"1 Microsoft Way, Redmond, Washington",Satya Nadella
75,"Dolan, Linda",10133,0,3,70621,14,IT Support,MA,2119,07/18/95,F,1/5/2022,IT/IS,"Zamora, Jennifer",30,Alphabet,Google Cloud Platform,Roosevelt Reynolds,564,56401,32150000,"1600 Amphitheater Parkway, Mountain View, California",Sundar Pichai
76,"Dougall, Eric",10028,1,3,138888,13,IT Manager - Support,MA,1886,07/09/77,M ,1/5/2022,IT/IS,"Zamora, Jennifer",30,Apple,MacOS,Michele Berry,101,10101,1945000,"1 Apple Park Way, Cupertino, California",Tim Cook
77,"Driver, Elle",10006,0,2,74241,3,Area Sales Manager,CA,90007,11/08/95,F,1/10/2019,Sales,"Smith, John",50,Apple,MacOS,Michele Berry,101,10101,1945000,"1 Apple Park Way, Cupertino, California",Tim Cook
78,"Dunn, Amy  ",10105,0,4,75188,18,Software Architect,MA,1731,11/28/80,F,9/18/2022,Software Engineering,"Miller, Brannon",20,Tesla,ModelX,Clint Campbell,445,44501,25283000,"1501 Page Mill Road, Palo Alto, California",Elon Musk
79,"Dunne, Amy",10211,0,4,62514,19,Software Developer I,MA,1749,09/23/80,F,4/26/2018,Software Engineering,"Miller, Brannon",20,Tesla,ModelX,Clint Campbell,445,44501,25283000,"1501 Page Mill Road, Palo Alto, California",Elon Musk
80,"Eaton, Marianne",10064,0,4,60070,19,Software Developer I,MA,2343,09/05/98,F,4/4/2019,Software Engineering,"Miller, Brannon",20,Tesla,ModelX,Clint Campbell,445,44501,25283000,"1501 Page Mill Road, Palo Alto, California",Elon Musk
81,"Engdahl, Jean",10247,1,4,48888,19,Software Developer I,MA,2026,05/31/81,M ,11/10/2022,Software Engineering,"Miller, Brannon",20,Meta,WhatsApp,Wilma Wilson,3201,320101,4560500,"1 Hacker Way, Menlo Park, California",Mark Zuckerberg
82,"England, Rex",10235,1,4,54285,19,Software Developer I,MA,2045,08/25/85,M ,3/31/2022,Software Engineering,"Miller, Brannon",20,Alphabet,Google Cloud Platform,Roosevelt Reynolds,564,56401,32150000,"1600 Amphitheater Parkway, Mountain View, California",Sundar Pichai
83,"Erilus, Angela",10299,0,4,56847,20,Software Developer II,MA,2133,08/25/96,F,7/7/2022,Software Engineering,"Miller, Brannon",20,Apple,MacOS,Michele Berry,101,10101,1945000,"1 Apple Park Way, Cupertino, California",Tim Cook
84,"Estremera, Miguel",10280,1,4,60340,19,Software Developer I,MA,2129,09/02/90,M ,4/2/2020,Software Engineering,"Miller, Brannon",20,Tesla,ModelX,Clint Campbell,445,44501,25283000,"1501 Page Mill Road, Palo Alto, California",Elon Musk
85,"Evensen, April",10296,0,4,59124,19,Software Developer I,MA,2458,05/06/96,F,2/17/2022,Software Engineering,"Miller, Brannon",20,Tesla,ModelX,Clint Campbell,445,44501,25283000,"1501 Page Mill Road, Palo Alto, California",Elon Musk
86,"Exantus, Susan",10290,0,4,99280,24,Software Engineer,MA,1749,05/15/94,F,5/2/2019,Software Engineering,"Miller, Brannon",20,Apple,MacOS,Michele Berry,101,10101,1945000,"1 Apple Park Way, Cupertino, California",Tim Cook
87,"Faller, Megan ",10263,0,4,71776,20,Software Developer II,MA,1824,09/22/85,F,7/7/2022,Software Engineering,"Miller, Brannon",20,Meta,WhatsApp,Wilma Wilson,3201,320101,4560500,"1 Hacker Way, Menlo Park, California",Mark Zuckerberg
88,"Fancett, Nicole",10136,0,4,65902,20,Software Developer II,MA,2324,09/27/94,F,2/17/2022,Software Engineering,"Miller, Brannon",20,Meta,WhatsApp,Wilma Wilson,3201,320101,4560500,"1 Hacker Way, Menlo Park, California",Mark Zuckerberg
89,"Ferguson, Susan",10189,0,4,57748,19,Software Developer I,MA,2176,04/14/62,F,11/7/2019,Software Engineering,"Miller, Brannon",20,Tesla,ModelX,Clint Campbell,445,44501,25283000,"1501 Page Mill Road, Palo Alto, California",Elon Musk
90,"Fernandes, Nilson  ",10308,1,4,64057,19,Software Developer I,MA,2132,10/18/96,M ,5/11/2022,Software Engineering,"Miller, Brannon",20,Apple,MacOS,Michele Berry,101,10101,1945000,"1 Apple Park Way, Cupertino, California",Tim Cook
91,"Fett, Boba",10309,1,3,53366,15,Network Engineer,MA,2138,06/18/94,M ,3/30/2022,IT/IS,"Zamora, Jennifer",30,Meta,WhatsApp,Wilma Wilson,3201,320101,4560500,"1 Hacker Way, Menlo Park, California",Mark Zuckerberg
92,"Fidelia,  Libby",10049,0,4,58530,19,Software Developer I,MA,2155,03/16/88,F,1/9/2020,Software Engineering,"Miller, Brannon",20,Tesla,ModelX,Clint Campbell,445,44501,25283000,"1501 Page Mill Road, Palo Alto, California",Elon Musk
93,"Fitzpatrick, Michael  J",10093,1,4,72609,20,Software Developer II,MA,2143,10/01/88,M ,5/16/2019,Software Engineering,"Miller, Brannon",20,Tesla,ModelX,Clint Campbell,445,44501,25283000,"1501 Page Mill Road, Palo Alto, California",Elon Musk
94,"Foreman, Tanya",10163,0,4,55965,20,Software Developer II,MA,2170,11/08/90,F,4/4/2019,Software Engineering,"Miller, Brannon",20,Tesla,ModelX,Clint Campbell,445,44501,25283000,"1501 Page Mill Road, Palo Alto, California",Elon Musk
95,"Forrest, Alex",10305,1,2,70187,3,Area Sales Manager,MA,2330,07/07/82,M ,9/29/2022,Sales,"Smith, John",50,Alphabet,Google Cloud Platform,Roosevelt Reynolds,564,56401,32150000,"1600 Amphitheater Parkway, Mountain View, California",Sundar Pichai
96,"Foss, Jason",10015,1,3,178000,12,IT Director,MA,1460,07/05/87,M ,4/15/2019,IT/IS,"Zamora, Jennifer",30,Apple,MacOS,Michele Berry,101,10101,1945000,"1 Apple Park Way, Cupertino, California",Tim Cook
97,"Foster-Baker, Amy",10080,0,1,99351,26,Sr. Accountant,MA,2050,04/16/86,F,1/5/2017,Admin Offices,"LeBlanc, Brandon",40,Microsoft,Teams,Johanna Vaughn,543,54301,3424000,"1 Microsoft Way, Redmond, Washington",Satya Nadella
98,"Fraval, Maruk ",10258,1,2,67251,3,Area Sales Manager,CT,6050,08/28/70,M ,9/6/2019,Sales,"Smith, John",50,Microsoft,Teams,Johanna Vaughn,543,54301,3424000,"1 Microsoft Way, Redmond, Washington",Satya Nadella
99,"Galia, Lisa",10273,0,3,65707,14,IT Support,CT,6040,07/06/75,F,5/1/2018,IT/IS,"Zamora, Jennifer",30,Meta,WhatsApp,Wilma Wilson,3201,320101,4560500,"1 Hacker Way, Menlo Park, California",Mark Zuckerberg
100,"Garcia, Raul",10111,1,4,52249,19,Software Developer I,MA,1905,09/15/92,M ,3/30/2022,Software Engineering,"Miller, Brannon",20,Alphabet,Google Cloud Platform,Roosevelt Reynolds,564,56401,32150000,"1600 Amphitheater Parkway, Mountain View, California",Sundar Pichai
101,"Gaul, Barbara",10257,0,4,53171,19,Software Developer I,MA,2121,12/02/90,F,5/16/2019,Software Engineering,"Miller, Brannon",20,Meta,WhatsApp,Wilma Wilson,3201,320101,4560500,"1 Hacker Way, Menlo Park, California",Mark Zuckerberg
102,"Gentry, Mildred",10159,0,4,51337,19,Software Developer I,MA,2145,10/01/97,F,3/30/2022,Software Engineering,"Miller, Brannon",20,Meta,WhatsApp,Wilma Wilson,3201,320101,4560500,"1 Hacker Way, Menlo Park, California",Mark Zuckerberg
103,"Gerke, Melisa",10122,0,4,51505,19,Software Developer I,MA,2330,05/15/77,F,11/7/2019,Software Engineering,"Miller, Brannon",20,Amazon,Prime,Bradley Clark,211,21101,9800000,"410 Terry Ave N, Seattle, Washington",Andy Jassy
104,"Gill, Whitney  ",10142,0,2,59370,3,Area Sales Manager,OH,43050,07/10/78,F,7/7/2022,Sales,"Smith, John",50,Microsoft,Azure,Jana Steele,543,54302,4323000,"1 Microsoft Way, Redmond, Washington",Satya Nadella
105,"Gilles, Alex",10283,1,4,54933,19,Software Developer I,MA,2062,08/09/81,M ,4/2/2020,Software Engineering,"Miller, Brannon",20,Amazon,Prime,Bradley Clark,211,21101,9800000,"410 Terry Ave N, Seattle, Washington",Andy Jassy
106,"Girifalco, Evelyn",10018,0,4,57815,19,Software Developer I,MA,2451,05/08/87,F,9/29/2022,Software Engineering,"Miller, Brannon",20,Apple,MacOS,Michele Berry,101,10101,1945000,"1 Apple Park Way, Cupertino, California",Tim Cook
107,"Givens, Myriam",10255,0,2,61555,3,Area Sales Manager,IN,46204,09/22/96,F,2/16/2022,Sales,"Smith, John",50,Apple,MacOS,Michele Berry,101,10101,1945000,"1 Apple Park Way, Cupertino, California",Tim Cook
108,"Goble, Taisha",10246,0,3,114800,8,Database Administrator,MA,2127,10/23/78,F,2/16/2022,IT/IS,"Zamora, Jennifer",30,Apple,MacOS,Michele Berry,101,10101,1945000,"1 Apple Park Way, Cupertino, California",Tim Cook
109,"Goeth, Amon",10228,1,3,74679,14,IT Support,MA,2135,11/24/96,M ,3/30/2022,IT/IS,"Zamora, Jennifer",30,Meta,WhatsApp,Wilma Wilson,3201,320101,4560500,"1 Hacker Way, Menlo Park, California",Mark Zuckerberg
110,"Gold, Shenice  ",10243,0,4,53018,19,Software Developer I,MA,2451,06/18/99,F,11/11/2021,Software Engineering,"Miller, Brannon",20,Apple,MacOS,Michele Berry,101,10101,1945000,"1 Apple Park Way, Cupertino, California",Tim Cook
111,"Gonzalez, Cayo",10031,1,4,59892,19,Software Developer I,MA,2108,09/29/76,M ,7/11/2019,Software Engineering,"Miller, Brannon",20,Amazon,Prime,Bradley Clark,211,21101,9800000,"410 Terry Ave N, Seattle, Washington",Andy Jassy
112,"Gonzalez, Juan",10300,1,4,68898,20,Software Developer II,MA,2128,10/12/71,M ,4/26/2018,Software Engineering,"Miller, Brannon",20,Amazon,Prime,Bradley Clark,211,21101,9800000,"410 Terry Ave N, Seattle, Washington",Andy Jassy
113,"Gonzalez, Maria",10101,0,3,61242,14,IT Support,MA,2472,04/16/88,F,1/5/2022,IT/IS,"Zamora, Jennifer",30,Alphabet,Google Cloud Platform,Roosevelt Reynolds,564,56401,32150000,"1600 Amphitheater Parkway, Mountain View, California",Sundar Pichai
114,"Good, Susan",10237,0,4,66825,20,Software Developer II,MA,1886,05/25/93,F,5/12/2022,Software Engineering,"Miller, Brannon",20,Meta,WhatsApp,Wilma Wilson,3201,320101,4560500,"1 Hacker Way, Menlo Park, California",Mark Zuckerberg
115,"Gordon, David",10051,1,4,48285,19,Software Developer I,MA,2169,05/21/86,M ,7/2/2020,Software Engineering,"Miller, Brannon",20,Meta,WhatsApp,Wilma Wilson,3201,320101,4560500,"1 Hacker Way, Menlo Park, California",Mark Zuckerberg
116,"Gosciminski, Phylicia  ",10218,0,4,66149,20,Software Developer II,MA,1824,12/08/90,F,9/30/2021,Software Engineering,"Miller, Brannon",20,Tesla,ModelY,Albert Russell,445,44502,22480000,"1501 Page Mill Road, Palo Alto, California",Elon Musk
117,"Goyal, Roxana",10256,0,4,49256,19,Software Developer I,MA,1864,10/09/81,F,8/19/2021,Software Engineering,"Miller, Brannon",20,Meta,WhatsApp,Wilma Wilson,3201,320101,4560500,"1 Hacker Way, Menlo Park, California",Mark Zuckerberg
118,"Gray, Elijiah  ",10098,1,4,62957,18,Software Architect,MA,1752,07/11/88,M ,6/2/2022,Software Engineering,"Miller, Brannon",20,Alphabet,Google Cloud Platform,Roosevelt Reynolds,564,56401,32150000,"1600 Amphitheater Parkway, Mountain View, California",Sundar Pichai
119,"Gross, Paula",10059,0,4,63813,19,Software Developer I,MA,2176,05/21/90,F,2/21/2019,Software Engineering,"Miller, Brannon",20,Microsoft,Azure,Jana Steele,543,54302,4323000,"1 Microsoft Way, Redmond, Washington",Satya Nadella
120,"Gruber, Hans",10234,1,3,99020,4,BI Developer,MA,2134,06/30/96,M ,4/20/2022,IT/IS,"Zamora, Jennifer",30,Apple,MacOS,Michele Berry,101,10101,1945000,"1 Apple Park Way, Cupertino, California",Tim Cook
121,"Guilianno, Mike",10109,1,2,71707,3,Area Sales Manager,TN,37129,02/09/76,M ,3/7/2020,Sales,"Smith, John",50,Meta,WhatsApp,Wilma Wilson,3201,320101,4560500,"1 Hacker Way, Menlo Park, California",Mark Zuckerberg
122,"Handschiegl, Joanne",10125,0,4,54828,19,Software Developer I,MA,2127,03/23/84,F,11/28/2019,Software Engineering,"Miller, Brannon",20,Tesla,ModelY,Albert Russell,445,44502,22480000,"1501 Page Mill Road, Palo Alto, California",Elon Musk
123,"Hankard, Earnest",10074,1,4,64246,20,Software Developer II,MA,2155,08/10/95,M ,11/11/2021,Software Engineering,"Miller, Brannon",20,Meta,WhatsApp,Wilma Wilson,3201,320101,4560500,"1 Hacker Way, Menlo Park, California",Mark Zuckerberg
124,"Harrington, Christie ",10097,0,4,52177,19,Software Developer I,MA,2324,08/18/59,F,1/9/2020,Software Engineering,"Miller, Brannon",20,Microsoft,Azure,Jana Steele,543,54302,4323000,"1 Microsoft Way, Redmond, Washington",Satya Nadella
125,"Harrison, Kara",10007,0,4,62065,19,Software Developer I,MA,1886,05/02/81,F,5/12/2022,Software Engineering,"Miller, Brannon",20,Microsoft,Azure,Jana Steele,543,54302,4323000,"1 Microsoft Way, Redmond, Washington",Satya Nadella
126,"Heitzman, Anthony",10129,1,4,46998,19,Software Developer I,MA,2149,01/04/91,M ,8/13/2020,Software Engineering,"Miller, Brannon",20,Tesla,ModelY,Albert Russell,445,44502,22480000,"1501 Page Mill Road, Palo Alto, California",Elon Musk
127,"Hendrickson, Trina",10075,0,4,68099,20,Software Developer II,MA,2021,08/27/79,F,1/10/2019,Software Engineering,"Miller, Brannon",20,Microsoft,Azure,Jana Steele,543,54302,4323000,"1 Microsoft Way, Redmond, Washington",Satya Nadella
128,"Hitchcock, Alfred",10167,1,2,70545,3,Area Sales Manager,NH,3062,09/14/95,M ,8/18/2022,Sales,"Smith, John",50,Apple,MacOS,Michele Berry,101,10101,1945000,"1 Apple Park Way, Cupertino, California",Tim Cook
129,"Homberger, Adrienne  J",10195,0,4,63478,20,Software Developer II,MA,2445,02/16/91,F,8/15/2019,Software Engineering,"Miller, Brannon",20,Apple,MacOS,Michele Berry,101,10101,1945000,"1 Apple Park Way, Cupertino, California",Tim Cook
130,"Horton, Jayne",10112,0,3,97999,8,Database Administrator,MA,2493,02/21/91,F,3/30/2022,IT/IS,"Zamora, Jennifer",30,Apple,MacOS,Michele Berry,101,10101,1945000,"1 Apple Park Way, Cupertino, California",Tim Cook
131,"Houlihan, Debra",10272,0,2,180000,3,Area Sales Manager,RI,2908,03/17/73,F,5/5/2022,Sales,"Smith, John",50,Meta,WhatsApp,Wilma Wilson,3201,320101,4560500,"1 Hacker Way, Menlo Park, California",Mark Zuckerberg
132,"Howard, Estelle",10182,0,1,49920,2,Administrative Assistant,MA,2170,09/16/92,F,2/16/2022,Admin Offices,"LeBlanc, Brandon",40,Apple,MacOS,Michele Berry,101,10101,1945000,"1 Apple Park Way, Cupertino, California",Tim Cook
133,"Hudson, Jane",10248,0,4,55425,19,Software Developer I,MA,2176,06/10/93,F,2/20/2020,Software Engineering,"Miller, Brannon",20,Meta,WhatsApp,Wilma Wilson,3201,320101,4560500,"1 Hacker Way, Menlo Park, California",Mark Zuckerberg
134,"Hunts, Julissa",10201,0,4,69340,20,Software Developer II,MA,2021,03/11/91,F,6/6/2022,Software Engineering,"Miller, Brannon",20,Meta,WhatsApp,Wilma Wilson,3201,320101,4560500,"1 Hacker Way, Menlo Park, California",Mark Zuckerberg
135,"Hutter, Rosalie",10214,0,4,64995,20,Software Developer II,MA,2351,05/07/99,F,6/5/2022,Software Engineering,"Miller, Brannon",20,Apple,MacOS,Michele Berry,101,10101,1945000,"1 Apple Park Way, Cupertino, California",Tim Cook
136,"Huynh, Ming",10160,0,4,68182,20,Software Developer II,MA,1742,09/22/83,F,2/21/2019,Software Engineering,"Miller, Brannon",20,Tesla,ModelY,Albert Russell,445,44502,22480000,"1501 Page Mill Road, Palo Alto, California",Elon Musk
137,"Immediato, Walter",10289,1,4,83082,18,Software Architect,MA,2128,11/15/83,M ,2/21/2019,Software Engineering,"Miller, Brannon",20,Apple,iOS,Leigh Lewis,101,10102,3450000,"1 Apple Park Way, Cupertino, California",Tim Cook
138,"Ivey, Rose ",10139,0,4,51908,19,Software Developer I,MA,1775,01/28/98,F,8/19/2021,Software Engineering,"Miller, Brannon",20,Apple,iOS,Leigh Lewis,101,10102,3450000,"1 Apple Park Way, Cupertino, California",Tim Cook
139,"Jackson, Maryellen",10227,0,4,61242,19,Software Developer I,MA,2081,09/11/79,F,11/5/2020,Software Engineering,"Miller, Brannon",20,Meta,WhatsApp,Wilma Wilson,3201,320101,4560500,"1 Hacker Way, Menlo Park, California",Mark Zuckerberg
140,"Jacobi, Hannah  ",10236,0,4,45069,19,Software Developer I,MA,1778,03/22/73,F,9/30/2021,Software Engineering,"Miller, Brannon",20,Alphabet,Google Cloud Platform,Roosevelt Reynolds,564,56401,32150000,"1600 Amphitheater Parkway, Mountain View, California",Sundar Pichai
141,"Jeannite, Tayana",10009,0,4,60724,20,Software Developer II,MA,1821,11/06/93,F,7/5/2019,Software Engineering,"Miller, Brannon",20,Meta,WhatsApp,Wilma Wilson,3201,320101,4560500,"1 Hacker Way, Menlo Park, California",Mark Zuckerberg
142,"Jhaveri, Sneha  ",10060,0,4,60436,19,Software Developer I,MA,2109,04/13/71,F,1/6/2022,Software Engineering,"Miller, Brannon",20,Meta,WhatsApp,Wilma Wilson,3201,320101,4560500,"1 Hacker Way, Menlo Park, California",Mark Zuckerberg
143,"Johnson, George",10034,1,4,46837,19,Software Developer I,MA,2445,08/19/66,M ,11/7/2019,Software Engineering,"Miller, Brannon",20,Microsoft,Azure,Jana Steele,543,54302,4323000,"1 Microsoft Way, Redmond, Washington",Satya Nadella
144,"Johnson, Noelle ",10156,0,3,105700,8,Database Administrator,MA,2301,11/07/93,F,1/5/2022,IT/IS,"Zamora, Jennifer",30,Apple,iOS,Leigh Lewis,101,10102,3450000,"1 Apple Park Way, Cupertino, California",Tim Cook
145,"Johnston, Yen",10036,0,4,63322,20,Software Developer II,MA,2128,09/08/76,F,7/7/2022,Software Engineering,"Miller, Brannon",20,Meta,WhatsApp,Wilma Wilson,3201,320101,4560500,"1 Hacker Way, Menlo Park, California",Mark Zuckerberg
146,"Jung, Judy  ",10138,0,4,61154,19,Software Developer I,MA,2446,04/17/93,F,1/10/2019,Software Engineering,"Miller, Brannon",20,Microsoft,Azure,Jana Steele,543,54302,4323000,"1 Microsoft Way, Redmond, Washington",Satya Nadella
147,"Kampew, Donysha",10244,0,2,68999,21,Sales Manager,PA,19444,11/11/96,F,11/7/2019,Sales,"Smith, John",50,Tesla,ModelY,Albert Russell,445,44502,22480000,"1501 Page Mill Road, Palo Alto, California",Elon Musk
148,"Keatts, Kramer ",10192,1,4,50482,19,Software Developer I,MA,1887,01/19/83,M ,9/30/2021,Software Engineering,"Miller, Brannon",20,Apple,iOS,Leigh Lewis,101,10102,3450000,"1 Apple Park Way, Cupertino, California",Tim Cook
149,"Khemmich, Bartholemew",10231,1,2,65310,3,Area Sales Manager,CO,80820,11/27/86,M ,8/19/2021,Sales,"Smith, John",50,Apple,iOS,Leigh Lewis,101,10102,3450000,"1 Apple Park Way, Cupertino, California",Tim Cook
150,"King, Janet",10089,0,0,250000,16,President & CEO,MA,1902,09/21/61,F,7/2/2020,Executive Office,Board of Directors,10,Apple,iOS,Leigh Lewis,101,10102,3450000,"1 Apple Park Way, Cupertino, California",Tim Cook
151,"Kinsella, Kathleen  ",10166,0,4,54005,19,Software Developer I,MA,2170,12/08/80,F,9/26/2019,Software Engineering,"Miller, Brannon",20,Tesla,ModelY,Albert Russell,445,44502,22480000,"1501 Page Mill Road, Palo Alto, California",Elon Musk
152,"Kirill, Alexandra  ",10170,0,4,45433,19,Software Developer I,MA,2127,10/08/77,F,9/26/2019,Software Engineering,"Miller, Brannon",20,Tesla,ModelY,Albert Russell,445,44502,22480000,"1501 Page Mill Road, Palo Alto, California",Elon Musk
153,"Knapp, Bradley  J",10208,1,4,46654,19,Software Developer I,MA,1721,11/10/84,M ,2/17/2022,Software Engineering,"Miller, Brannon",20,Meta,WhatsApp,Wilma Wilson,3201,320101,4560500,"1 Hacker Way, Menlo Park, California",Mark Zuckerberg
154,"Kretschmer, John",10176,1,4,63973,19,Software Developer I,MA,1801,02/02/87,M ,1/10/2019,Software Engineering,"Miller, Brannon",20,Apple,iOS,Leigh Lewis,101,10102,3450000,"1 Apple Park Way, Cupertino, California",Tim Cook
155,"Kreuger, Freddy",10165,1,2,71339,3,Area Sales Manager,NY,10171,02/24/76,M ,3/7/2019,Sales,"Smith, John",50,Amazon,AWS,Sheldon Vargas,211,21102,6700000,"410 Terry Ave N, Seattle, Washington",Andy Jassy
156,"Lajiri,  Jyoti",10113,1,3,93206,28,Sr. Network Engineer,MA,2169,04/23/93,M ,11/10/2022,IT/IS,"Zamora, Jennifer",30,Alphabet,Google Cloud Platform,Roosevelt Reynolds,564,56401,32150000,"1600 Amphitheater Parkway, Mountain View, California",Sundar Pichai
157,"Landa, Hans",10092,1,4,82758,18,Software Architect,MA,1890,07/01/79,M ,1/10/2019,Software Engineering,"Miller, Brannon",20,Alphabet,Google Cloud Platform,Roosevelt Reynolds,564,56401,32150000,"1600 Amphitheater Parkway, Mountain View, California",Sundar Pichai
158,"Langford, Lindsey",10106,0,4,66074,20,Software Developer II,MA,2090,07/25/86,F,1/7/2021,Software Engineering,"Miller, Brannon",20,Apple,iOS,Leigh Lewis,101,10102,3450000,"1 Apple Park Way, Cupertino, California",Tim Cook
159,"Langton, Enrico",10052,1,4,46120,19,Software Developer I,MA,2048,12/09/93,M ,7/9/2020,Software Engineering,"Miller, Brannon",20,Meta,WhatsApp,Wilma Wilson,3201,320101,4560500,"1 Hacker Way, Menlo Park, California",Mark Zuckerberg
160,"LaRotonda, William  ",10038,1,1,64520,1,Accountant I,MA,1460,04/26/91,M ,1/6/2022,Admin Offices,"LeBlanc, Brandon",40,Microsoft,Azure,Jana Steele,543,54302,4323000,"1 Microsoft Way, Redmond, Washington",Satya Nadella
161,"Latif, Mohammed",10249,1,4,61962,20,Software Developer II,MA,2126,05/09/91,M ,4/2/2020,Software Engineering,"Miller, Brannon",20,Tesla,ModelY,Albert Russell,445,44502,22480000,"1501 Page Mill Road, Palo Alto, California",Elon Musk
162,"Le, Binh",10232,0,3,81584,22,Senior BI Developer,MA,1886,06/14/94,F,10/2/2022,IT/IS,"Zamora, Jennifer",30,Apple,iOS,Leigh Lewis,101,10102,3450000,"1 Apple Park Way, Cupertino, California",Tim Cook
163,"Leach, Dallas",10087,0,4,63676,19,Software Developer I,MA,1810,01/17/86,F,9/26/2019,Software Engineering,"Miller, Brannon",20,Microsoft,Azure,Jana Steele,543,54302,4323000,"1 Microsoft Way, Redmond, Washington",Satya Nadella
164,"LeBlanc, Brandon",10134,1,1,93046,23,Shared Services Manager,MA,1460,06/10/91,M ,1/5/2022,Admin Offices,"King, Janet",100,Microsoft,Azure,Jana Steele,543,54302,4323000,"1 Microsoft Way, Redmond, Washington",Satya Nadella
165,"Lecter, Hannibal",10251,1,4,64738,19,Software Developer I,MA,1776,09/02/89,M ,5/14/2020,Software Engineering,"Miller, Brannon",20,Tesla,ModelY,Albert Russell,445,44502,22480000,"1501 Page Mill Road, Palo Alto, California",Elon Musk
166,"Leruth, Giovanni",10103,1,2,70468,3,Area Sales Manager,UT,84111,12/27/95,M ,4/30/2020,Sales,"Smith, John",50,Microsoft,Azure,Jana Steele,543,54302,4323000,"1 Microsoft Way, Redmond, Washington",Satya Nadella
167,"Liebig, Ketsia",10017,0,4,77915,18,Software Architect,MA,2110,10/26/88,F,9/30/2021,Software Engineering,"Miller, Brannon",20,Microsoft,Azure,Jana Steele,543,54302,4323000,"1 Microsoft Way, Redmond, Washington",Satya Nadella
168,"Linares, Marilyn ",10186,0,4,52624,19,Software Developer I,MA,1886,03/26/88,F,7/5/2019,Software Engineering,"Miller, Brannon",20,Apple,iOS,Leigh Lewis,101,10102,3450000,"1 Apple Park Way, Cupertino, California",Tim Cook
169,"Linden, Mathew",10137,1,4,63450,20,Software Developer II,MA,1770,03/19/86,M ,7/8/2021,Software Engineering,"Miller, Brannon",20,Meta,Oculus,Dallas Vega,3201,320102,20455000,"1 Hacker Way, Menlo Park, California",Mark Zuckerberg
170,"Lindsay, Leonara ",10008,0,3,51777,14,IT Support,CT,6070,10/05/95,F,1/21/2019,IT/IS,"Zamora, Jennifer",30,Amazon,AWS,Sheldon Vargas,211,21102,6700000,"410 Terry Ave N, Seattle, Washington",Andy Jassy
171,"Lundy, Susan",10096,0,4,67237,20,Software Developer II,MA,2122,12/26/83,F,7/8/2021,Software Engineering,"Miller, Brannon",20,Meta,Oculus,Dallas Vega,3201,320102,20455000,"1 Hacker Way, Menlo Park, California",Mark Zuckerberg
172,"Lunquist, Lisa",10035,0,4,73330,20,Software Developer II,MA,2324,03/28/89,F,8/19/2021,Software Engineering,"Miller, Brannon",20,Apple,iOS,Leigh Lewis,101,10102,3450000,"1 Apple Park Way, Cupertino, California",Tim Cook
173,"Lydon, Allison",10057,0,4,52057,19,Software Developer I,MA,2122,10/22/82,F,2/16/2022,Software Engineering,"Miller, Brannon",20,Microsoft,Azure,Jana Steele,543,54302,4323000,"1 Microsoft Way, Redmond, Washington",Satya Nadella
174,"Lynch, Lindsay",10004,0,4,47434,19,Software Developer I,MA,1844,02/14/80,F,11/7/2019,Software Engineering,"Miller, Brannon",20,Amazon,AWS,Sheldon Vargas,211,21102,6700000,"410 Terry Ave N, Seattle, Washington",Andy Jassy
175,"MacLennan, Samuel",10191,1,4,52788,19,Software Developer I,MA,1938,11/09/79,M ,9/24/2020,Software Engineering,"Miller, Brannon",20,Apple,iOS,Leigh Lewis,101,10102,3450000,"1 Apple Park Way, Cupertino, California",Tim Cook
176,"Mahoney, Lauren  ",10219,0,4,45395,19,Software Developer I,MA,2189,07/07/93,F,1/6/2022,Software Engineering,"Miller, Brannon",20,Meta,Oculus,Dallas Vega,3201,320102,20455000,"1 Hacker Way, Menlo Park, California",Mark Zuckerberg
177,"Manchester, Robyn",10077,0,4,62385,20,Software Developer II,MA,2324,08/25/83,F,5/11/2022,Software Engineering,"Miller, Brannon",20,Meta,Oculus,Dallas Vega,3201,320102,20455000,"1 Hacker Way, Menlo Park, California",Mark Zuckerberg
178,"Mancuso, Karen",10073,0,4,68407,20,Software Developer II,MA,2176,12/10/93,F,7/5/2019,Software Engineering,"Miller, Brannon",20,Meta,Oculus,Dallas Vega,3201,320102,20455000,"1 Hacker Way, Menlo Park, California",Mark Zuckerberg
179,"Mangal, Debbie",10279,0,4,61349,19,Software Developer I,MA,2451,11/07/81,F,11/11/2021,Software Engineering,"Miller, Brannon",20,Meta,Oculus,Dallas Vega,3201,320102,20455000,"1 Hacker Way, Menlo Park, California",Mark Zuckerberg
180,"Martin, Sandra",10110,0,4,105688,24,Software Engineer,MA,2135,11/07/94,F,11/11/2021,Software Engineering,"Miller, Brannon",20,Tesla,ModelY,Albert Russell,445,44502,22480000,"1501 Page Mill Road, Palo Alto, California",Elon Musk
181,"Maurice, Shana",10053,0,4,54132,19,Software Developer I,MA,2330,11/22/84,F,5/31/2019,Software Engineering,"Miller, Brannon",20,Apple,iOS,Leigh Lewis,101,10102,3450000,"1 Apple Park Way, Cupertino, California",Tim Cook
182,"Carthy, B'rigit",10076,0,4,55315,20,Software Developer II,MA,2149,05/21/94,F,3/30/2022,Software Engineering,"Miller, Brannon",20,Meta,Oculus,Dallas Vega,3201,320102,20455000,"1 Hacker Way, Menlo Park, California",Mark Zuckerberg
183,"Mckenna, Sandy",10145,0,4,62810,19,Software Developer I,MA,2184,01/07/94,F,1/7/2021,Software Engineering,"Miller, Brannon",20,Microsoft,Azure,Jana Steele,543,54302,4323000,"1 Microsoft Way, Redmond, Washington",Satya Nadella
184,"McKinzie, Jac",10202,1,2,63291,3,Area Sales Manager,TX,78789,07/01/91,M ,7/6/2022,Sales,"Smith, John",50,Microsoft,Azure,Jana Steele,543,54302,4323000,"1 Microsoft Way, Redmond, Washington",Satya Nadella
185,"Meads, Elizabeth",10128,0,4,62659,19,Software Developer I,MA,1760,05/30/75,F,4/2/2020,Software Engineering,"Miller, Brannon",20,Amazon,AWS,Sheldon Vargas,211,21102,6700000,"410 Terry Ave N, Seattle, Washington",Andy Jassy
186,"Medeiros, Jennifer",10068,0,4,55688,19,Software Developer I,MA,2346,09/22/83,F,3/30/2022,Software Engineering,"Miller, Brannon",20,Microsoft,Azure,Jana Steele,543,54302,4323000,"1 Microsoft Way, Redmond, Washington",Satya Nadella
187,"Miller, Brannon",10116,1,4,83667,17,CTO,MA,2045,08/10/88,M ,8/16/2020,Software Engineering,"King, Janet",100,Apple,iOS,Leigh Lewis,101,10102,3450000,"1 Apple Park Way, Cupertino, California",Tim Cook
188,"Miller, Ned",10298,1,4,55800,20,Software Developer II,MA,2472,06/29/92,M ,8/15/2019,Software Engineering,"Miller, Brannon",20,Meta,Oculus,Dallas Vega,3201,320102,20455000,"1 Hacker Way, Menlo Park, California",Mark Zuckerberg
189,"Monkfish, Erasumus",10213,1,4,58207,20,Software Developer II,MA,1450,08/17/99,M ,11/7/2019,Software Engineering,"Miller, Brannon",20,Meta,Oculus,Dallas Vega,3201,320102,20455000,"1 Hacker Way, Menlo Park, California",Mark Zuckerberg
190,"Monroe, Peter",10288,1,3,157000,13,IT Manager - Infra,MA,2134,10/05/93,M ,2/15/2020,IT/IS,"Zamora, Jennifer",30,Amazon,AWS,Sheldon Vargas,211,21102,6700000,"410 Terry Ave N, Seattle, Washington",Andy Jassy
191,"Monterro, Luisa",10025,0,4,72460,20,Software Developer II,MA,2126,04/24/77,F,5/13/2021,Software Engineering,"Miller, Brannon",20,Apple,iOS,Leigh Lewis,101,10102,3450000,"1 Apple Park Way, Cupertino, California",Tim Cook
192,"Moran, Patrick",10223,1,4,72106,20,Software Developer II,MA,2127,12/03/83,M ,1/9/2020,Software Engineering,"Miller, Brannon",20,Amazon,AWS,Sheldon Vargas,211,21102,6700000,"410 Terry Ave N, Seattle, Washington",Andy Jassy
193,"Morway, Tanya",10151,0,3,52599,15,Network Engineer,MA,2048,04/04/86,F,2/16/2022,IT/IS,"Zamora, Jennifer",30,Microsoft,Azure,Jana Steele,543,54302,4323000,"1 Microsoft Way, Redmond, Washington",Satya Nadella
194,"Motlagh,  Dawn",10254,0,4,63430,19,Software Developer I,MA,2453,07/07/91,F,4/1/2021,Software Engineering,"Miller, Brannon",20,Meta,Oculus,Dallas Vega,3201,320102,20455000,"1 Hacker Way, Menlo Park, California",Mark Zuckerberg
195,"Moumanil, Maliki ",10120,1,4,74417,20,Software Developer II,MA,1460,12/01/81,M ,5/13/2021,Software Engineering,"Miller, Brannon",20,Meta,Oculus,Dallas Vega,3201,320102,20455000,"1 Hacker Way, Menlo Park, California",Mark Zuckerberg
196,"Myers, Michael",10216,1,4,57575,19,Software Developer I,MA,1550,04/18/87,M ,7/8/2021,Software Engineering,"Miller, Brannon",20,Meta,Oculus,Dallas Vega,3201,320102,20455000,"1 Hacker Way, Menlo Park, California",Mark Zuckerberg
197,"Navathe, Kurt",10079,1,3,87921,22,Senior BI Developer,MA,2056,04/25/77,M ,2/10/2022,IT/IS,"Zamora, Jennifer",30,Apple,iOS,Leigh Lewis,101,10102,3450000,"1 Apple Park Way, Cupertino, California",Tim Cook
198,"Ndzi, Colombui",10215,1,4,50470,19,Software Developer I,MA,2110,05/02/96,M ,9/26/2019,Software Engineering,"Miller, Brannon",20,Amazon,AWS,Sheldon Vargas,211,21102,6700000,"410 Terry Ave N, Seattle, Washington",Andy Jassy
199,"Ndzi, Horia",10185,1,4,46664,19,Software Developer I,MA,2421,03/28/90,M ,4/1/2021,Software Engineering,"Miller, Brannon",20,Alphabet,DeepMind,Jeannie Wong,564,56402,16700000,"1600 Amphitheater Parkway, Mountain View, California",Sundar Pichai
200,"Newman, Richard ",10063,1,4,48495,19,Software Developer I,MA,2136,04/08/84,M ,5/12/2022,Software Engineering,"Miller, Brannon",20,Meta,Oculus,Dallas Vega,3201,320102,20455000,"1 Hacker Way, Menlo Park, California",Mark Zuckerberg
201,"Ngodup, Shari ",10037,0,4,52984,19,Software Developer I,MA,1810,06/03/74,F,4/1/2021,Software Engineering,"Miller, Brannon",20,Amazon,AWS,Sheldon Vargas,211,21102,6700000,"410 Terry Ave N, Seattle, Washington",Andy Jassy
202,"Nguyen, Dheepa",10042,0,2,63695,3,Area Sales Manager,GA,30428,03/31/96,F,7/8/2021,Sales,"Smith, John",50,Apple,iOS,Leigh Lewis,101,10102,3450000,"1 Apple Park Way, Cupertino, California",Tim Cook
203,"Nguyen, Lei-Ming",10206,0,4,62061,19,Software Developer I,MA,2132,07/07/91,F,7/8/2021,Software Engineering,"Miller, Brannon",20,Meta,Oculus,Dallas Vega,3201,320102,20455000,"1 Hacker Way, Menlo Park, California",Mark Zuckerberg
204,"Nowlan, Kristie",10104,0,4,66738,20,Software Developer II,MA,1040,11/23/92,F,11/10/2022,Software Engineering,"Miller, Brannon",20,Apple,Apple Silicon,Pam Ramos,101,10103,17045000,"1 Apple Park Way, Cupertino, California",Tim Cook
205,"O'hare, Lynn",10303,0,4,52674,19,Software Developer I,MA,2152,09/30/87,F,3/31/2022,Software Engineering,"Miller, Brannon",20,Meta,Oculus,Dallas Vega,3201,320102,20455000,"1 Hacker Way, Menlo Park, California",Mark Zuckerberg
206,"Oliver, Brooke ",10078,0,4,71966,20,Software Developer II,MA,2492,02/11/59,F,5/14/2020,Software Engineering,"Miller, Brannon",20,Meta,Oculus,Dallas Vega,3201,320102,20455000,"1 Hacker Way, Menlo Park, California",Mark Zuckerberg
207,"Onque, Jasmine",10121,0,2,63051,3,Area Sales Manager,FL,33174,05/11/97,F,9/30/2021,Sales,"Smith, John",50,Apple,Apple Silicon,Pam Ramos,101,10103,17045000,"1 Apple Park Way, Cupertino, California",Tim Cook
208,"Osturnka, Adeel",10021,1,4,47414,19,Software Developer I,MA,2478,12/11/83,M ,9/30/2021,Software Engineering,"Miller, Brannon",20,Meta,Oculus,Dallas Vega,3201,320102,20455000,"1 Hacker Way, Menlo Park, California",Mark Zuckerberg
209,"Owad, Clinton",10281,1,4,53060,19,Software Developer I,MA,1760,11/24/86,M ,2/17/2022,Software Engineering,"Miller, Brannon",20,Meta,Oculus,Dallas Vega,3201,320102,20455000,"1 Hacker Way, Menlo Park, California",Mark Zuckerberg
210,"Ozark, Travis",10041,1,2,68829,3,Area Sales Manager,NC,27229,05/19/89,M ,1/5/2022,Sales,"Smith, John",50,Microsoft,Azure,Jana Steele,543,54302,4323000,"1 Microsoft Way, Redmond, Washington",Satya Nadella
211,"Panjwani, Nina",10148,0,4,63515,19,Software Developer I,MA,2351,05/01/86,F,2/7/2019,Software Engineering,"Miller, Brannon",20,Tesla,ModelY,Albert Russell,445,44502,22480000,"1501 Page Mill Road, Palo Alto, California",Elon Musk
212,"Patronick, Lucas",10005,1,4,108987,24,Software Engineer,MA,1844,02/20/86,M ,11/7/2019,Software Engineering,"Miller, Brannon",20,Amazon,AWS,Sheldon Vargas,211,21102,6700000,"410 Terry Ave N, Seattle, Washington",Andy Jassy
213,"Pearson, Randall",10259,1,3,93093,9,Data Analyst,MA,2747,09/05/91,M ,12/1/2022,IT/IS,"Zamora, Jennifer",30,Alphabet,DeepMind,Jeannie Wong,564,56402,16700000,"1600 Amphitheater Parkway, Mountain View, California",Sundar Pichai
214,"Smith, Martin",10286,1,4,53564,19,Software Developer I,MA,2458,03/17/95,M ,1/10/2019,Software Engineering,"Miller, Brannon",20,Tesla,ModelY,Albert Russell,445,44502,22480000,"1501 Page Mill Road, Palo Alto, California",Elon Musk
215,"Pelletier, Ermine",10297,0,4,60270,20,Software Developer II,MA,2472,07/18/96,F,7/5/2019,Software Engineering,"Miller, Brannon",20,Microsoft,Azure,Jana Steele,543,54302,4323000,"1 Microsoft Way, Redmond, Washington",Satya Nadella
216,"Perry, Shakira",10171,0,4,45998,19,Software Developer I,MA,2176,07/20/93,F,5/16/2019,Software Engineering,"Miller, Brannon",20,Meta,Instagram,Margaret Murphy,3201,320103,11389000,"1 Hacker Way, Menlo Park, California",Mark Zuckerberg
217,"Peters, Lauren",10032,0,4,57954,20,Software Developer II,MA,1886,08/17/93,F,5/16/2019,Software Engineering,"Miller, Brannon",20,Apple,Apple Silicon,Pam Ramos,101,10103,17045000,"1 Apple Park Way, Cupertino, California",Tim Cook
218,"Peterson, Ebonee  ",10130,0,4,74669,18,Software Architect,MA,2030,05/09/84,F,10/25/2018,Software Engineering,"Miller, Brannon",20,Apple,Apple Silicon,Pam Ramos,101,10103,17045000,"1 Apple Park Way, Cupertino, California",Tim Cook
219,"Petingill, Shana  ",10217,0,4,74226,20,Software Developer II,MA,2050,03/10/86,F,4/2/2020,Software Engineering,"Miller, Brannon",20,Meta,Instagram,Margaret Murphy,3201,320103,11389000,"1 Hacker Way, Menlo Park, California",Mark Zuckerberg
220,"Petrowsky, Thelma",10016,0,3,93554,9,Data Analyst,MA,1886,09/16/91,F,11/10/2022,IT/IS,"Zamora, Jennifer",30,Alphabet,DeepMind,Jeannie Wong,564,56402,16700000,"1600 Amphitheater Parkway, Mountain View, California",Sundar Pichai
221,"Pham, Hong",10050,1,4,64724,19,Software Developer I,MA,2451,03/06/95,M ,7/5/2019,Software Engineering,"Miller, Brannon",20,Tesla,ModelY,Albert Russell,445,44502,22480000,"1501 Page Mill Road, Palo Alto, California",Elon Musk
222,"Pitt, Brad ",10164,1,4,47001,19,Software Developer I,MA,2451,11/23/88,M ,11/5/2015,Software Engineering,"Miller, Brannon",20,Tesla,ModelY,Albert Russell,445,44502,22480000,"1501 Page Mill Road, Palo Alto, California",Elon Musk
223,"Potts, Xana",10124,0,2,61844,3,Area Sales Manager,KY,40220,08/29/95,F,1/9/2020,Sales,"Smith, John",50,Microsoft,Azure,Jana Steele,543,54302,4323000,"1 Microsoft Way, Redmond, Washington",Satya Nadella
224,"Power, Morissa",10187,0,4,46799,19,Software Developer I,MA,1742,10/15/91,F,5/16/2019,Software Engineering,"Miller, Brannon",20,Tesla,ModelY,Albert Russell,445,44502,22480000,"1501 Page Mill Road, Palo Alto, California",Elon Musk
225,"Punjabhi, Louis  ",10225,1,4,59472,19,Software Developer I,MA,2109,06/19/68,M ,1/6/2022,Software Engineering,"Miller, Brannon",20,Alphabet,DeepMind,Jeannie Wong,564,56402,16700000,"1600 Amphitheater Parkway, Mountain View, California",Sundar Pichai
226,"Purinton, Janine",10262,0,4,46430,19,Software Developer I,MA,2474,09/22/77,F,9/24/2020,Software Engineering,"Miller, Brannon",20,Apple,Apple Silicon,Pam Ramos,101,10103,17045000,"1 Apple Park Way, Cupertino, California",Tim Cook
227,"Quinn, Sean",10131,1,4,83363,23,Software Engineer,MA,2045,11/06/91,M ,2/21/2019,Software Engineering,"Miller, Brannon",20,Amazon,AWS,Sheldon Vargas,211,21102,6700000,"410 Terry Ave N, Seattle, Washington",Andy Jassy
228,"Rachael, Maggie",10239,0,3,95920,4,BI Developer,MA,2110,05/12/87,F,10/2/2022,IT/IS,"Zamora, Jennifer",30,Apple,Apple Silicon,Pam Ramos,101,10103,17045000,"1 Apple Park Way, Cupertino, California",Tim Cook
229,"Rarrick, Quinn",10152,1,4,61729,19,Software Developer I,MA,2478,12/31/91,M ,9/26/2019,Software Engineering,"Miller, Brannon",20,Apple,Apple Silicon,Pam Ramos,101,10103,17045000,"1 Apple Park Way, Cupertino, California",Tim Cook
230,"Ren, Kylo",10140,1,2,61809,3,Area Sales Manager,ID,83706,10/12/61,M ,5/12/2022,Sales,"Smith, John",50,Microsoft,Azure,Jana Steele,543,54302,4323000,"1 Microsoft Way, Redmond, Washington",Satya Nadella
231,"Rhoads, Thomas",10058,1,4,45115,19,Software Developer I,MA,2176,07/22/89,M ,5/16/2019,Software Engineering,"Miller, Brannon",20,Meta,Instagram,Margaret Murphy,3201,320103,11389000,"1 Hacker Way, Menlo Park, California",Mark Zuckerberg
232,"Rivera, Haley  ",10011,0,4,46738,19,Software Developer I,MA,2171,01/12/80,F,11/28/2019,Software Engineering,"Miller, Brannon",20,Tesla,ModelY,Albert Russell,445,44502,22480000,"1501 Page Mill Road, Palo Alto, California",Elon Musk
233,"Roberson, May",10230,0,4,64971,20,Software Developer II,MA,1902,09/05/88,F,9/26/2019,Software Engineering,"Miller, Brannon",20,Tesla,ModelY,Albert Russell,445,44502,22480000,"1501 Page Mill Road, Palo Alto, California",Elon Musk
234,"Robertson, Peter",10224,1,4,55578,20,Software Developer II,MA,2138,07/03/79,M ,7/5/2019,Software Engineering,"Miller, Brannon",20,Apple,Apple Silicon,Pam Ramos,101,10103,17045000,"1 Apple Park Way, Cupertino, California",Tim Cook
235,"Robinson, Alain  ",10047,1,4,50428,19,Software Developer I,MA,1420,01/07/81,M ,1/10/2019,Software Engineering,"Miller, Brannon",20,Apple,Apple Silicon,Pam Ramos,101,10103,17045000,"1 Apple Park Way, Cupertino, California",Tim Cook
236,"Robinson, Cherly",10285,0,4,61422,19,Software Developer I,MA,1460,01/07/92,F,1/10/2019,Software Engineering,"Miller, Brannon",20,Apple,Apple Silicon,Pam Ramos,101,10103,17045000,"1 Apple Park Way, Cupertino, California",Tim Cook
237,"Robinson, Elias",10020,1,4,63353,19,Software Developer I,MA,1730,01/28/92,M ,7/8/2021,Software Engineering,"Miller, Brannon",20,Alphabet,DeepMind,Jeannie Wong,564,56402,16700000,"1600 Amphitheater Parkway, Mountain View, California",Sundar Pichai
238,"Roby, Lori ",10162,0,3,89883,9,Data Analyst,MA,1886,10/11/88,F,2/16/2022,IT/IS,"Zamora, Jennifer",30,Alphabet,DeepMind,Jeannie Wong,564,56402,16700000,"1600 Amphitheater Parkway, Mountain View, California",Sundar Pichai
239,"Roehrich, Bianca",10149,0,3,120000,29,Principal Data Architect,MA,2703,05/27/80,F,1/5/2022,IT/IS,"Zamora, Jennifer",30,Meta,Instagram,Margaret Murphy,3201,320103,11389000,"1 Hacker Way, Menlo Park, California",Mark Zuckerberg
240,"Roper, Katie",10086,0,3,150290,7,Data Architect,MA,2056,11/21/79,F,1/7/2022,IT/IS,"Zamora, Jennifer",30,Apple,Apple Silicon,Pam Ramos,101,10103,17045000,"1 Apple Park Way, Cupertino, California",Tim Cook
241,"Rose, Ashley  ",10054,0,4,60627,19,Software Developer I,MA,1886,12/05/81,F,1/6/2022,Software Engineering,"Miller, Brannon",20,Microsoft,Azure,Jana Steele,543,54302,4323000,"1 Microsoft Way, Redmond, Washington",Satya Nadella
242,"Rossetti, Bruno",10065,1,4,53180,19,Software Developer I,MA,2155,03/18/94,M ,4/4/2019,Software Engineering,"Miller, Brannon",20,Tesla,ModelY,Albert Russell,445,44502,22480000,"1501 Page Mill Road, Palo Alto, California",Elon Musk
243,"Roup,Simon",10198,1,3,140920,13,IT Manager - DB,MA,2481,04/05/80,M ,1/20/2021,IT/IS,"Zamora, Jennifer",30,Apple,Apple Silicon,Pam Ramos,101,10103,17045000,"1 Apple Park Way, Cupertino, California",Tim Cook
244,"Ruiz, Ricardo",10222,1,3,148999,13,IT Manager - DB,MA,1915,01/04/71,M ,1/9/2020,IT/IS,"Zamora, Jennifer",30,Amazon,AWS,Sheldon Vargas,211,21102,6700000,"410 Terry Ave N, Seattle, Washington",Andy Jassy
245,"Saada, Adell",10126,0,4,86214,24,Software Engineer,MA,2132,07/24/93,F,11/5/2020,Software Engineering,"Miller, Brannon",20,Apple,Apple Silicon,Pam Ramos,101,10103,17045000,"1 Apple Park Way, Cupertino, California",Tim Cook
246,"Saar-Beckles, Melinda",10295,0,4,47750,19,Software Developer I,MA,1801,06/06/75,F,7/4/2022,Software Engineering,"Miller, Brannon",20,Amazon,AWS,Sheldon Vargas,211,21102,6700000,"410 Terry Ave N, Seattle, Washington",Andy Jassy
247,"Sadki, Nore  ",10260,1,4,46428,19,Software Developer I,MA,2148,12/21/81,M ,1/5/2017,Software Engineering,"Miller, Brannon",20,Tesla,ModelY,Albert Russell,445,44502,22480000,"1501 Page Mill Road, Palo Alto, California",Elon Musk
248,"Sahoo, Adil",10233,1,4,57975,20,Software Developer II,MA,2062,04/26/93,M ,8/30/2018,Software Engineering,"Miller, Brannon",20,Microsoft,Azure,Jana Steele,543,54302,4323000,"1 Microsoft Way, Redmond, Washington",Satya Nadella
249,"Salter, Jason",10229,1,3,88527,9,Data Analyst ,MA,2452,12/17/94,M ,1/5/2022,IT/IS,"Zamora, Jennifer",30,Meta,Instagram,Margaret Murphy,3201,320103,11389000,"1 Hacker Way, Menlo Park, California",Mark Zuckerberg
250,"Sander, Kamrin",10169,0,4,56147,19,Software Developer I,MA,2154,07/10/95,F,9/29/2022,Software Engineering,"Miller, Brannon",20,Meta,Instagram,Margaret Murphy,3201,320103,11389000,"1 Hacker Way, Menlo Park, California",Mark Zuckerberg
251,"Sewkumar, Nori",10071,0,4,50923,19,Software Developer I,MA,2191,03/10/82,F,9/30/2021,Software Engineering,"Miller, Brannon",20,Tesla,ModelY,Albert Russell,445,44502,22480000,"1501 Page Mill Road, Palo Alto, California",Elon Musk
252,"Shepard, Anita ",10179,0,3,50750,15,Network Engineer,MA,1773,04/14/88,F,9/30/2022,IT/IS,"Zamora, Jennifer",30,Meta,Instagram,Margaret Murphy,3201,320103,11389000,"1 Hacker Way, Menlo Park, California",Mark Zuckerberg
253,"Shields, Seffi",10091,0,4,52087,19,Software Developer I,MA,2149,08/24/92,F,8/19/2021,Software Engineering,"Miller, Brannon",20,Meta,Instagram,Margaret Murphy,3201,320103,11389000,"1 Hacker Way, Menlo Park, California",Mark Zuckerberg
254,"Simard, Kramer",10178,1,3,87826,9,Data Analyst,MA,2110,02/08/77,M ,1/5/2022,IT/IS,"Zamora, Jennifer",30,Alphabet,DeepMind,Jeannie Wong,564,56402,16700000,"1600 Amphitheater Parkway, Mountain View, California",Sundar Pichai
255,"Singh, Nan ",10039,0,1,51920,2,Administrative Assistant,MA,2330,05/19/95,F,5/1/2022,Admin Offices,"LeBlanc, Brandon",40,Microsoft,Azure,Jana Steele,543,54302,4323000,"1 Microsoft Way, Redmond, Washington",Satya Nadella
256,"Sloan, Constance",10095,0,4,63878,20,Software Developer II,MA,1851,11/25/94,F,10/26/2017,Software Engineering,"Miller, Brannon",20,Microsoft,Azure,Jana Steele,543,54302,4323000,"1 Microsoft Way, Redmond, Washington",Satya Nadella
257,"Smith, Joe",10027,1,4,60656,20,Software Developer II,MA,2045,10/30/70,M ,9/29/2022,Software Engineering,"Miller, Brannon",20,Apple,Apple Silicon,Pam Ramos,101,10103,17045000,"1 Apple Park Way, Cupertino, California",Tim Cook
258,"Smith, John",10291,1,2,72992,21,Director of Sales,MA,1886,08/16/91,M ,5/18/2022,Sales,"King, Janet",100,Amazon,AWS,Sheldon Vargas,211,21102,6700000,"410 Terry Ave N, Seattle, Washington",Andy Jassy
259,"Smith, Leigh Ann",10153,0,1,55000,2,Administrative Assistant,MA,1844,06/14/94,F,9/26/2019,Admin Offices,"LeBlanc, Brandon",40,Amazon,AWS,Sheldon Vargas,211,21102,6700000,"410 Terry Ave N, Seattle, Washington",Andy Jassy
260,"Smith, Sade",10157,0,4,58939,19,Software Developer I,MA,2130,02/02/72,F,11/11/2021,Software Engineering,"Miller, Brannon",20,Alphabet,DeepMind,Jeannie Wong,564,56402,16700000,"1600 Amphitheater Parkway, Mountain View, California",Sundar Pichai
261,"Soto, Julia ",10119,0,3,66593,14,IT Support,MA,2360,03/12/80,F,6/10/2019,IT/IS,"Zamora, Jennifer",30,Meta,Instagram,Margaret Murphy,3201,320103,11389000,"1 Hacker Way, Menlo Park, California",Mark Zuckerberg
262,"Soze, Keyser",10180,1,3,87565,28,Sr. Network Engineer,MA,1545,02/09/90,M ,6/30/2022,IT/IS,"Zamora, Jennifer",30,Meta,Instagram,Margaret Murphy,3201,320103,11389000,"1 Hacker Way, Menlo Park, California",Mark Zuckerberg
263,"Sparks, Taylor  ",10302,0,4,64021,19,Software Developer I,MA,2093,07/20/75,F,2/20/2020,Software Engineering,"Miller, Brannon",20,Apple,Apple Silicon,Pam Ramos,101,10103,17045000,"1 Apple Park Way, Cupertino, California",Tim Cook
264,"Spirea, Kelley",10090,0,4,65714,18,Software Architect,MA,2451,09/30/82,F,10/2/2020,Software Engineering,"Miller, Brannon",20,Meta,Instagram,Margaret Murphy,3201,320103,11389000,"1 Hacker Way, Menlo Park, California",Mark Zuckerberg
265,"Squatrito, Kristen",10030,0,4,62425,19,Software Developer I,MA,2359,03/26/80,F,5/13/2021,Software Engineering,"Miller, Brannon",20,Meta,Instagram,Margaret Murphy,3201,320103,11389000,"1 Hacker Way, Menlo Park, California",Mark Zuckerberg
266,"Stanford,Barbara  M",10278,0,4,47961,19,Software Developer I,MA,2050,08/25/89,F,1/10/2019,Software Engineering,"Miller, Brannon",20,Tesla,ModelY,Albert Russell,445,44502,22480000,"1501 Page Mill Road, Palo Alto, California",Elon Musk
267,"Stansfield, Norman",10307,1,2,58273,3,Area Sales Manager,NV,89139,05/09/81,M ,5/12/2022,Sales,"Smith, John",50,Microsoft,Azure,Jana Steele,543,54302,4323000,"1 Microsoft Way, Redmond, Washington",Satya Nadella
268,"Steans, Tyrone  ",10147,1,1,63003,1,Accountant I,MA,2703,09/01/93,M ,9/29/2022,Admin Offices,"LeBlanc, Brandon",40,Apple,Apple Silicon,Pam Ramos,101,10103,17045000,"1 Apple Park Way, Cupertino, California",Tim Cook
269,"Stoica, Rick",10266,1,4,61355,19,Software Developer I,MA,2301,03/14/92,M ,2/17/2022,Software Engineering,"Miller, Brannon",20,Meta,Instagram,Margaret Murphy,3201,320103,11389000,"1 Hacker Way, Menlo Park, California",Mark Zuckerberg
270,"Strong, Caitrin",10241,0,2,60120,3,Area Sales Manager,MT,59102,05/12/96,F,9/27/2018,Sales,"Smith, John",50,Apple,Apple Silicon,Pam Ramos,101,10103,17045000,"1 Apple Park Way, Cupertino, California",Tim Cook
271,"Sullivan, Kissy ",10158,0,4,63682,18,Software Architect,MA,1776,03/28/85,F,1/8/2017,Software Engineering,"Miller, Brannon",20,Apple,Apple Silicon,Pam Ramos,101,10103,17045000,"1 Apple Park Way, Cupertino, California",Tim Cook
272,"Sullivan, Timothy",10117,1,4,63025,19,Software Developer I,MA,2747,10/07/89,M ,1/5/2022,Software Engineering,"Miller, Brannon",20,Tesla,ModelY,Albert Russell,445,44502,22480000,"1501 Page Mill Road, Palo Alto, California",Elon Musk
273,"Sutwell, Barbara",10209,0,4,59238,19,Software Developer I,MA,2718,08/15/75,F,5/14/2020,Software Engineering,"Miller, Brannon",20,Apple,Apple Silicon,Pam Ramos,101,10103,17045000,"1 Apple Park Way, Cupertino, California",Tim Cook
274,"Szabo, Andrew",10024,1,4,92989,24,Software Engineer,MA,2140,05/06/90,M ,7/7/2022,Software Engineering,"Miller, Brannon",20,Meta,Instagram,Margaret Murphy,3201,320103,11389000,"1 Hacker Way, Menlo Park, California",Mark Zuckerberg
275,"Tannen, Biff",10173,1,3,90100,4,BI Developer,MA,2134,10/24/94,M ,4/20/2022,IT/IS,"Zamora, Jennifer",30,Apple,Apple Silicon,Pam Ramos,101,10103,17045000,"1 Apple Park Way, Cupertino, California",Tim Cook
276,"Tavares, Desiree  ",10221,0,4,60754,19,Software Developer I,MA,1801,04/03/82,F,4/27/2017,Software Engineering,"Miller, Brannon",20,Amazon,AWS,Sheldon Vargas,211,21102,6700000,"410 Terry Ave N, Seattle, Washington",Andy Jassy
277,"Tejeda, Lenora ",10146,0,4,72202,20,Software Developer II,MA,2129,05/24/60,F,5/16/2019,Software Engineering,"Miller, Brannon",20,Tesla,ModelY,Albert Russell,445,44502,22480000,"1501 Page Mill Road, Palo Alto, California",Elon Musk
278,"Terry, Sharlene ",10161,0,2,58370,3,Area Sales Manager,OR,97756,05/07/72,F,9/29/2022,Sales,"Smith, John",50,Apple,Apple Silicon,Pam Ramos,101,10103,17045000,"1 Apple Park Way, Cupertino, California",Tim Cook
279,"Theamstern, Sophia",10141,0,4,48413,19,Software Developer I,MA,2066,05/09/72,F,7/5/2019,Software Engineering,"Miller, Brannon",20,Apple,Apple Silicon,Pam Ramos,101,10103,17045000,"1 Apple Park Way, Cupertino, California",Tim Cook
280,"Thibaud, Kenneth",10268,1,4,67176,20,Software Developer II,MA,2472,09/16/82,M ,6/25/2015,Software Engineering,"Miller, Brannon",20,Microsoft,Azure,Jana Steele,543,54302,4323000,"1 Microsoft Way, Redmond, Washington",Satya Nadella
281,"Tippett, Jeanette",10123,0,4,56339,19,Software Developer I,MA,2093,06/05/74,F,2/18/2021,Software Engineering,"Miller, Brannon",20,Apple,Apple Silicon,Pam Ramos,101,10103,17045000,"1 Apple Park Way, Cupertino, California",Tim Cook
282,"Torrence, Jack",10013,1,2,64397,3,Area Sales Manager,ND,58782,01/15/75,M ,1/9/2014,Sales,"Smith, John",50,Apple,Apple Silicon,Pam Ramos,101,10103,17045000,"1 Apple Park Way, Cupertino, California",Tim Cook
283,"Trang, Mei",10287,0,4,63025,19,Software Developer I,MA,2021,05/16/90,F,2/17/2022,Software Engineering,"Miller, Brannon",20,Meta,Instagram,Margaret Murphy,3201,320103,11389000,"1 Hacker Way, Menlo Park, California",Mark Zuckerberg
284,"Tredinnick, Neville ",10044,1,3,75281,15,Network Engineer,MA,1420,05/05/95,M ,1/5/2022,IT/IS,"Zamora, Jennifer",30,Microsoft,Azure,Jana Steele,543,54302,4323000,"1 Microsoft Way, Redmond, Washington",Satya Nadella
285,"True, Edward",10102,1,4,100416,24,Software Engineer,MA,2451,06/14/90,M ,2/18/2021,Software Engineering,"Miller, Brannon",20,Amazon,AWS,Sheldon Vargas,211,21102,6700000,"410 Terry Ave N, Seattle, Washington",Andy Jassy
286,"Trzeciak, Cybil",10270,0,4,74813,20,Software Developer II,MA,1778,03/15/92,F,1/10/2019,Software Engineering,"Miller, Brannon",20,Meta,Instagram,Margaret Murphy,3201,320103,11389000,"1 Hacker Way, Menlo Park, California",Mark Zuckerberg
287,"Turpin, Jumil",10045,1,3,76029,15,Network Engineer,MA,2343,03/31/76,M ,3/30/2022,IT/IS,"Zamora, Jennifer",30,Alphabet,DeepMind,Jeannie Wong,564,56402,16700000,"1600 Amphitheater Parkway, Mountain View, California",Sundar Pichai
288,"Valentin,Jackie",10205,0,2,57859,3,Area Sales Manager,AZ,85006,05/23/98,F,7/5/2019,Sales,"Smith, John",50,Apple,Apple Silicon,Pam Ramos,101,10103,17045000,"1 Apple Park Way, Cupertino, California",Tim Cook
289,"Veera, Abdellah ",10014,1,4,58523,19,Software Developer I,MA,2171,01/31/94,M ,8/13/2020,Software Engineering,"Miller, Brannon",20,Meta,Instagram,Margaret Murphy,3201,320103,11389000,"1 Hacker Way, Menlo Park, California",Mark Zuckerberg
290,"Vega, Vincent",10144,1,4,88976,18,Software Architect,MA,2169,10/10/75,M ,8/1/2019,Software Engineering,"Miller, Brannon",20,Alphabet,DeepMind,Jeannie Wong,564,56402,16700000,"1600 Amphitheater Parkway, Mountain View, California",Sundar Pichai
291,"Villanueva, Noah",10253,1,2,55875,3,Area Sales Manager,ME,4063,07/11/96,M ,3/5/2020,Sales,"Smith, John",50,Microsoft,Azure,Jana Steele,543,54302,4323000,"1 Microsoft Way, Redmond, Washington",Satya Nadella
292,"Voldemort, Lord",10118,1,3,113999,8,Database Administrator,MA,1960,08/07/93,M ,2/16/2022,IT/IS,"Zamora, Jennifer",30,Alphabet,DeepMind,Jeannie Wong,564,56402,16700000,"1600 Amphitheater Parkway, Mountain View, California",Sundar Pichai
293,"Volk, Colleen",10022,0,4,49773,19,Software Developer I,MA,2747,06/03/93,F,9/26/2019,Software Engineering,"Miller, Brannon",20,Tesla,ModelY,Albert Russell,445,44502,22480000,"1501 Page Mill Road, Palo Alto, California",Elon Musk
294,"Von Massenbach, Anna",10183,0,4,62068,19,Software Developer I,MA,2124,04/06/92,F,7/5/2022,Software Engineering,"Miller, Brannon",20,Meta,Instagram,Margaret Murphy,3201,320103,11389000,"1 Hacker Way, Menlo Park, California",Mark Zuckerberg
295,"Walker, Roger",10190,1,4,66541,20,Software Developer II,MA,2459,02/10/83,M ,8/18/2022,Software Engineering,"Miller, Brannon",20,Alphabet,DeepMind,Jeannie Wong,564,56402,16700000,"1600 Amphitheater Parkway, Mountain View, California",Sundar Pichai
296,"Wallace, Courtney  E",10274,0,4,80512,18,Software Architect,MA,2478,11/14/62,F,9/26/2019,Software Engineering,"Miller, Brannon",20,Amazon,AWS,Sheldon Vargas,211,21102,6700000,"410 Terry Ave N, Seattle, Washington",Andy Jassy
297,"Wallace, Theresa",10293,0,4,50274,19,Software Developer I,MA,1887,08/02/87,F,8/13/2020,Software Engineering,"Miller, Brannon",20,Microsoft,Azure,Jana Steele,543,54302,4323000,"1 Microsoft Way, Redmond, Washington",Satya Nadella
298,"Wang, Charlie",10172,1,3,84903,22,Senior BI Developer,MA,1887,07/08/88,M ,2/15/2022,IT/IS,"Zamora, Jennifer",30,Apple,Apple Silicon,Pam Ramos,101,10103,17045000,"1 Apple Park Way, Cupertino, California",Tim Cook
299,"Warfield, Sarah",10127,0,3,107226,28,Sr. Network Engineer,MA,2453,05/02/85,F,3/30/2022,IT/IS,"Zamora, Jennifer",30,Alphabet,DeepMind,Jeannie Wong,564,56402,16700000,"1600 Amphitheater Parkway, Mountain View, California",Sundar Pichai
300,"Whittier, Scott",10072,1,4,58371,19,Software Developer I,MA,2030,05/24/94,M ,1/10/2019,Software Engineering,"Miller, Brannon",20,Meta,Instagram,Margaret Murphy,3201,320103,11389000,"1 Hacker Way, Menlo Park, California",Mark Zuckerberg
301,"Wilber, Barry",10048,1,4,55140,19,Software Developer I,MA,2324,09/09/72,M ,5/16/2019,Software Engineering,"Miller, Brannon",20,Microsoft,Azure,Jana Steele,543,54302,4323000,"1 Microsoft Way, Redmond, Washington",Satya Nadella
302,"Wilkes, Annie",10204,0,4,58062,19,Software Developer I,MA,1876,07/30/90,F,1/10/2019,Software Engineering,"Miller, Brannon",20,Tesla,ModelY,Albert Russell,445,44502,22480000,"1501 Page Mill Road, Palo Alto, California",Elon Musk
303,"Williams, Jacquelyn  ",10264,0,4,59728,19,Software Developer I,MA,2109,10/02/76,F,1/9/2020,Software Engineering,"Miller, Brannon",20,Amazon,AWS,Sheldon Vargas,211,21102,6700000,"410 Terry Ave N, Seattle, Washington",Andy Jassy
304,"Winthrop, Jordan  ",10033,1,4,70507,20,Software Developer II,MA,2045,11/07/65,M ,1/7/2021,Software Engineering,"Miller, Brannon",20,Meta,Instagram,Margaret Murphy,3201,320103,11389000,"1 Hacker Way, Menlo Park, California",Mark Zuckerberg
305,"Wolk, Hang  T",10174,0,4,60446,20,Software Developer II,MA,2302,04/20/92,F,9/29/2022,Software Engineering,"Miller, Brannon",20,Meta,Instagram,Margaret Murphy,3201,320103,11389000,"1 Hacker Way, Menlo Park, California",Mark Zuckerberg
306,"Woodson, Jason",10135,1,4,65893,20,Software Developer II,MA,1810,05/11/92,M ,7/7/2022,Software Engineering,"Miller, Brannon",20,Meta,Instagram,Margaret Murphy,3201,320103,11389000,"1 Hacker Way, Menlo Park, California",Mark Zuckerberg
307,"Ybarra, Catherine ",10301,0,4,48513,19,Software Developer I,MA,2458,05/04/89,F,9/2/2016,Software Engineering,"Miller, Brannon",20,Tesla,ModelY,Albert Russell,445,44502,22480000,"1501 Page Mill Road, Palo Alto, California",Elon Musk
308,"Zamora, Jennifer",10010,0,3,220450,6,CIO,MA,2067,08/30/86,F,4/10/2018,IT/IS,"King, Janet",100,Alphabet,DeepMind,Jeannie Wong,564,56402,16700000,"1600 Amphitheater Parkway, Mountain View, California",Sundar Pichai
309,"Zhou, Julia",10043,0,3,89292,9,Data Analyst,MA,2148,02/24/86,F,3/30/2022,IT/IS,"Zamora, Jennifer",30,Alphabet,DeepMind,Jeannie Wong,564,56402,16700000,"1600 Amphitheater Parkway, Mountain View, California",Sundar Pichai
310,"Zima, Colleen",10271,0,4,45046,19,Software Developer I,MA,1730,08/17/85,F,9/29/2022,Software Engineering,"Miller, Brannon",20,Meta,Instagram,Margaret Murphy,3201,320103,11389000,"1 Hacker Way, Menlo Park, California",Mark Zuckerberg
